;;;;;;;;;;;;;;;;;;;;;
;;;;;;;;;;;;;;;;;;;;;
N°Référence ;Désignation;Catégorie;Conditionnement;Qté/Conditionnement;Dosage;Stock critique;Stock initial;Stock actuel;Statut du stock;Prix d'achat unitaire;Valeur en stock;Prix de vente unitaire;Date Stock Initial;Date de péremption;Alerte de péremption;Lot stock initial;_SearchKey;;;;
;Amarante 500gr;Semences;sachet/500gr;1;500gr;5;;;Niveau satisfaisant;1,75 USD;;3,00 USD;;;Bon état;Lot-Initial-AMARA-SEME-500gr-24012026;;;;;
;Urée sachet/500gr;Engrais granulés;sachet;1;500gr;5;;;Approvisionnement urgent!;0,50 USD;;0,87 USD;;;Bon état;Lot-Initial-URÉE-ENGR-500gr-16012026;;;;;
;Pulvérisateur 5litres;Produits vétérinaires;pce;1;pce;1;;;Niveau satisfaisant;6,88 USD;;15,00 USD;;;Bon état;Lot-Initial-PULVÉ-PROD-pce-15012026;;;;;
;.Amprolin sachet/100gr;Produits vétérinaires;sachet;1;sachet/100gr;2;;;Niveau satisfaisant;4,00 USD;;7,00 USD;;;Bon état;Lot-Initial-.AMPR-PROD-sachet/100gr-14012026;;;;;
;Chaine metalique + colier tissus;Produits veterinaires;pce;1;piece;2;;;Niveau satisfaisant;4,57 USD;;15,00 USD;;;Bon état;Lot-Initial-CHAIN-PROD-piece-16012026;;;;;
;Shampoo + Insectide 250ml;Produits vétérinaires;flacon;1;250ml;1;;;Niveau satisfaisant;6,90 USD;;10,00 USD;;;Bon état;Lot-Initial-SHAMP-PROD-250ml-10012026;;;;;
;Nilon Muselière pr chiens;Produits vétérinaires;pce;1;pce;1;;;Niveau satisfaisant;3,00 USD;;8,00 USD;;;Bon état;Lot-Initial-NILON-PROD-pce-10012026;;;;;
;.Collier de lux;Produits veterinaires;pce;1;pce;1;;;Niveau satisfaisant;7,90 USD;;15,00 USD;;;Bon état;Lot-Initial-.COLL-PROD-pce-10012026;;;;;
;Dog Vest;Produits veterinaires;pce;1;pce;2;;;Niveau satisfaisant;9,57 USD;;20,00 USD;;;Bon état;Lot-Initial-DOGV-PROD-pce-10012027;;;;;
;.60'Chaine metallique pour chien;Produits vétérinaires;pce;1;60';1;;;Niveau satisfaisant;4,00 USD;;20,00 USD;;;Bon état;Lot-Initial-.60'C-PROD-60'-10012026;;;;;
;.Tomate CAL-J 50gr;Semences;bte;1;50gr;3;;;Approvisionnement nécessaire;5,00 USD;;7,00 USD;;;Bon état;Lot-Initial-.TOMA-SEME-50gr-09012026;;;;;
;guants de bain pr chiens;Produits veterinaires;pce;1;pce;1;;;Niveau satisfaisant;2,50 USD;;8,00 USD;;;Bon état;Lot-Initial-GUANT-PROD-pce-08012026;;;;;
;Oestradiole;Produits veterinaires;2amp/sachet;1;2ml;5;;;Niveau satisfaisant;0,18 USD;;3,00 USD;;;Bon état;Lot-Initial-OESTR-PROD-2ml-08012026;;;;;
;Boule de dressage;Produits veterinaires;pce;1;pce;1;;;Niveau satisfaisant;5,30 USD;;9,00 USD;;;Bon état;Lot-Initial-BOULE-PROD-pce-01012025;;;;;
;.Piment kg;semence;sachet/1kg;1;kg;1;;;Niveau satisfaisant;60,00 USD;;130,00 USD;;;Bon état;Lot-Initial-.PIME-SEME-kg-01012025;;;;;
;Lacto-Mass 500ml;produits veterinaires;flacon;1;500ml;2;;;Niveau satisfaisant;1,80 USD;;8,00 USD;;;Bon état;Lot-Initial-LACTO-PROD-500ml-01012025;;;;;
;Okra (Dongodogo) kg;semences;sachet/1kg;1;kg;1;;;Niveau satisfaisant;10,00 USD;;18,00 USD;;;Bon état;Lot-Initial-OKRA-SEME-kg-01012025;;;;;
;Vitamine poudre;Produits veterinaires;sachet/100gr;1;100gr;3;;;Niveau satisfaisant;2,43 USD;;6,00 USD;;;Bon état;;;;;;
;Calcium poudre sachet/500gr;produits veterinaires;sachet/500gr;1;1/2kg;3;;;Niveau satisfaisant;1,00 USD;;2,50 USD;;;Bon état;Lot-Initial-CALCI-PROD-1/2kg-16122025;;;;;
;Levacid1gr  bolus;Produits veterinaires;bolus;1;1gr;5;;;Niveau satisfaisant;0,14 USD;;0,40 USD;;;Bon état;;;;;;
;.Sachet polythy. noir piece;outils aratoires;pce;1;pce;10;;;Approvisionnement urgent!;0,01 USD;;0,10 USD;;;Bon état;;;;;;
;..Poivron JAUNE sachet/5gr original;Semences;sachet;1;gr;2;;;Niveau satisfaisant;2,00 USD;;5,00 USD;;;Bon état;;;;;;
;.Poivron ROUGE sachet/5gr original;Semences;sachet;1;10gr;2;;;Niveau satisfaisant;2,00 USD;;5,00 USD;;;Bon état;;;;;;
;Piment KG;Semences;sachet;1;1kg;1;;;Niveau satisfaisant;60,00 USD;;100,00 USD;;;Bon état;;;;;;
;Petits poids bte 500gr;Semences;boite;1;500gr;2;;;Niveau satisfaisant;5,00 USD;;15,00 USD;;;Bon état;;;;;;
;Dog Booster 100gr;Produits vétérinaires;boite;1;100gr;4;;;Niveau satisfaisant;3,27 USD;;9,00 USD;;;Bon état;;;;;;
;Calcium en poudre kg;Produits vétérinaires;sachet;1;kg;3;;;Approvisionnement urgent!;1,82 USD;;5,00 USD;;;Bon état;;;;;;
;Bio-start poussins;Produits vétérinaires;boite;1;100gr;1;;;Approvisionnement urgent!;1,90 USD;;5,00 USD;;;Bon état;;;;;;
;Amin' TOTAL;Produits vétérinaires;sachet;1;150gr;3;;;Niveau satisfaisant;4,00 USD;;8,00 USD;;;Bon état;;wormi-prod-bolus|wormicid 1gr|approvisionnement urgent!;;;;
;Wonder pig sachet 1kg;Produits vétérinaires;sachet;1;kilo;3;;;Approvisionnement urgent!;2,30 USD;;5,00 USD;;;;;wonde-prod-kilo|wonder pig sachet 1kg|approvisionnement urgent!;;;;
;Water melon sachet/10gr;Semences;sachet;1;10gr.;5;;;Approvisionnement urgent!;1,20 USD;;1,90 USD;;;;;water-seme-10gr.|water melon sachet/10gr|approvisionnement urgent!;;;;
;Water melon bte 50gr;Semences;boite;1;50gr.;3;;;Approvisionnement urgent!;5,26 USD;;7,00 USD;;;;;water-seme-50gr.|water melon bte 50gr|approvisionnement urgent!;;;;
;Water melon F-1  sachet/10gr;Semences;sachet;1;10gr;3;;;Niveau satisfaisant;5,26 USD;;10,00 USD;;;Bon état;;water-seme-10gr|water melon f-1 sachet/10gr|approvisionnement urgent!;;;;
;Water melon F-1  bte/50gr;Semences;boite;1;50gr;3;;;Approvisionnement urgent!;13,98 USD;;25,00 USD;;;Bon état;;water-seme-50gr|water melon f-1 bte/50gr|approvisionnement urgent!;;;;
;Vit B12+Fer Ferum);Produits vétérinaires;falcon;1;100ml;3;;;Niveau satisfaisant;6,30 USD;;8,00 USD;;;Bon état;;vit b-prod-100ml|vit b12+fer ferum)|approvisionnement urgent!;;;;
;Vet-dust 400gr;Produits vétérinaires;boite;1;400gr;3;;;Approvisionnement urgent!;1,28 USD;;3,00 USD;;;Bon état;;vet-d-prod-400gr|vet-dust 400gr|approvisionnement urgent!;;;;
;Veriben + B12  (Sequezen) 2,36gr;Produits vétérinaires;sachet;1;sachet;20;;;Niveau satisfaisant;0,20 USD;;0,50 USD;;;Bon état;;verib-prod-sachet|veriben + b12 (sequezen) 2,36gr|approvisionnement urgent!;;;;
;Vectocid 100ml;Produits vétérinaires;flacon;1;100ml;3;;;Niveau satisfaisant;4,32 USD;;10,00 USD;;;Bon état;;vecto-prod-100ml|vectocid 100ml|approvisionnement urgent!;;;;
;Vectocid 1litre (France);Produits vétérinaires;flacon;1;litre;3;;;Approvisionnement urgent!;40,78 USD;;65,00 USD;;;Bon état;Lot-Initial-VECTO-PROD-litre-01022025;vecto-prod-litre|vectocid 1litre (france)|approvisionnement urgent!;;;;
;Urée sachet/1kg;Engrais granulés;sachet;1;kg;10;;;Niveau satisfaisant;1,00 USD;;1,40 USD;;;Bon état;;uree -engr-kg|uree sachet/1kg|approvisionnement urgent!;;;;
;Urée sac/50kg;Engrais granulés;sac;1;50kg;2;;;Niveau satisfaisant;50,00 USD;;65,00 USD;;;Bon état;;uree -engr-50kg|uree sac/50kg|approvisionnement urgent!;;;;
;Tylosin poudre;Produits vétérinaires;flacon;1;100gr;6;;;Niveau satisfaisant;3,41 USD;;6,00 USD;;;Bon état;;tylos-prod-100gr|tylosin poudre|approvisionnement urgent!;;;;
;Tylosin (Europe) 100ml injectable;Produits vétérinaires;flacon;1;100ml.;3;;;Approvisionnement urgent!;4,20 USD;;7,00 USD;;;Bon état;;tylos-prod-100ml.|tylosin (europe) 100ml injectable|approvisionnement urgent!;;;;
;Tylosin (Chine) 100ml injectable;Produits vétérinaires;flacon;1;100ml;3;;;Niveau satisfaisant;2,80 USD;;6,00 USD;;;Bon état;;tylos-prod-100ml|tylosin (chine) 100ml injectable|approvisionnement urgent!;;;;
;Tonimix;Produits vétérinaires;boite;1;500gr;3;;;Approvisionnement urgent!;1,56 USD;;5,00 USD;;;;;tonim-prod-500gr|tonimix|approvisionnement urgent!;;;;
;Tomate Hybride 1gr;Semences;sachet;1;hybride;3;;;Approvisionnement urgent!;5,30 USD;;9,00 USD;;;;;tomat-seme-hybride|tomate hybride 1gr|approvisionnement urgent!;;;;
;Tomate Hybride 10gr;Semences;sachet;1;10gr.;3;;;Approvisionnement urgent!;8,90 USD;;15,00 USD;;;;;tomat-seme-10gr.|tomate hybride 10gr|approvisionnement urgent!;;;;
;Tomate sachet/10gr;Semences;sachet;1;10gr;5;;;Niveau satisfaisant;0,48 USD;;0,80 USD;;;Bon état;;tomat-seme-10gr|tomate sachet/10gr|approvisionnement urgent!;;;;
;Tomate TENGERO 50gr;Semences;boite;1;50gr;3;;;Approvisionnement nécessaire;5,00 USD;;7,00 USD;;;Bon état;Lot-Initial-TOMAT-SEME-50gr-02012026;tomat-seme-50gr|tomate 50gr|approvisionnement urgent!;;;;
;Tige+tuyeau pulverisateur;outils aratoires;pce;1;pce;3;;;Niveau satisfaisant;2,05 USD;;10,00 USD;;;Bon état;;tige+-outi-pce|tige+tuyeau pulverisateur|approvisionnement urgent!;;;;
;Thermomètre digital;Produits vétérinaires;pce;1;pce.;3;;;Approvisionnement urgent!;2,46 USD;;8,00 USD;;;Bon état;;therm-prod-pce.|thermometre digital|approvisionnement urgent!;;;;
;Thermomètre a mercure;Produits vétérinaires;pce;1;pce;3;;;Niveau satisfaisant;1,73 USD;;3,00 USD;;;Bon état;;therm-prod-pce|thermometre a mercure|approvisionnement urgent!;;;;
;Tafgor 250ml;Insecticide agricole;flacon;1;250ml;3;;;Approvisionnement urgent!;2,50 USD;;6,00 USD;;;;;tafgo-inse-250ml|tafgor 250ml|approvisionnement urgent!;;;;
;Tafgor 100ml;Insecticide agricole;flacon;1;100ml;5;;;Approvisionnement urgent!;1,30 USD;;3,00 USD;;;;;tafgo-inse-100ml|tafgor 100ml|approvisionnement urgent!;;;;
;Tafgor 500ml;Insecticide agricole;flacon;1;500ml;3;;;Approvisionnement urgent!;4,36 USD;;8,00 USD;;;;;tafgo-inse-500ml|tafgor 500ml|approvisionnement urgent!;;;;
;Tafgor 1litre;Insecticide agricole;flacon;1;litre;3;;;Approvisionnement urgent!;7,44 USD;;15,00 USD;;;;;tafgo-inse-litre|tafgor 1litre|approvisionnement urgent!;;;;
;Super Tonick bte/500gr;Produits vétérinaires;boite;1;500gr.;3;;;Approvisionnement urgent!;2,98 USD;;5,00 USD;;;;;super-prod-500gr.|super tonick bte/500gr|approvisionnement urgent!;;;;
;Super feed premix general 500gr;Produits vétérinaires;sachet;1;500gr;3;;;Approvisionnement urgent!;0,95 USD;;2,00 USD;;;;;super-prod-500gr|super feed premix general 500gr|approvisionnement urgent!;;;;
;Super feed premix general 1kg;Produits vétérinaires;sachet;1;kg;3;;;Approvisionnement urgent!;2,30 USD;;3,80 USD;;;;;super-prod-kg|super feed premix general 1kg|approvisionnement urgent!;;;;
;Supalik 1kg;Produits vétérinaires;sachet;1;2kg;3;;;Approvisionnement urgent!;2,56 USD;;7,00 USD;;;;;supal-prod-2kg|supalik 1kg|approvisionnement urgent!;;;;
;Supadip 1litre;Produits vétérinaires;flacon;1;litre;3;;;Niveau satisfaisant;3,23 USD;;10,00 USD;;;Bon état;;supad-prod-litre|supadip 1litre|approvisionnement urgent!;;;;
;Sulfate de cuivre sachet/5gr;Produits vétérinaires;flacon;1;10gr;6;;;Niveau satisfaisant;0,12 USD;;3,00 USD;;;Bon état;;sulfa-prod-10gr|sulfate de cuivre sachet/5gr|approvisionnement urgent!;;;;
;Sulfa poudre sachet/100gr;Produits vétérinaires;sachet;1;100gr;6;;;Niveau satisfaisant;3,70 USD;;7,00 USD;;;Bon état;;sulfa-prod-100gr|sulfa poudre sachet/100gr|approvisionnement urgent!;;;;
;Sulfa-333;Produits vétérinaires;flacon;1;100ml;6;;;Niveau satisfaisant;3,41 USD;;7,00 USD;;;Bon état;;sulfa-prod-100ml|sulfa-333|approvisionnement urgent!;;;;
;Sukumawiki 10gr;Semences;sachet;1;10gr;5;;;Approvisionnement urgent!;0,48 USD;;0,80 USD;;;Bon état;;sukum-seme-10gr|sukumawiki 10gr|approvisionnement urgent!;;;;
;Sukumawiki bte/50gr;Semences;boite;1;50gr;3;;;Niveau satisfaisant;1,80 USD;;3,00 USD;;;Bon état;;sukum-seme-50gr|sukumawiki bte/50gr|approvisionnement urgent!;;;;
;Spider (Musobyio);Semences;boite;1;50gr;3;;;Approvisionnement urgent!;2,70 USD;;4,00 USD;;;;;spide-seme-50gr|spider (musobyio)|approvisionnement urgent!;;;;
;Soja PK6;Semences;sachet;1;1kg;5;;;Approvisionnement urgent!;1,40 USD;;2,50 USD;;;;;soja -seme-1kg|soja pk6|approvisionnement urgent!;;;;
;Soja imperial;Semences;sachet;1;kg;5;;;Approvisionnement urgent!;1,30 USD;;2,50 USD;;;;;soja -seme-kg|soja imperial|approvisionnement urgent!;;;;
;Seringue plastique 50cc;Produits vétérinaires;pce;1;50ml;3;;;Approvisionnement urgent!;2,00 USD;;5,00 USD;;;Bon état;;serin-prod-50ml|seringue plastique 50cc|approvisionnement urgent!;;;;
;Seringue plexiglass 20cc;Produits vétérinaires;pce;1;20ml.;10;;;Niveau satisfaisant;1,85 USD;;5,50 USD;;;Bon état;;serin-prod-20ml.|seringue plexiglass 20cc|approvisionnement urgent!;;;;
;Seringue plastique 20cc;Produits vétérinaires;pce;1;20ml;10;;;Niveau satisfaisant;0,39 USD;;0,80 USD;;;Bon état;;serin-prod-20ml|seringue plastique 20cc|approvisionnement urgent!;;;;
;Seringue plastique 10cc;Produits vétérinaires;pce;1;10ml;10;;;Approvisionnement urgent!;0,05 USD;;0,27 USD;;;;;serin-prod-10ml|seringue plastique 10cc|approvisionnement urgent!;;;;
;Seringue plastique 5cc;Produits vétérinaires;pce;1;5ml;10;;;Niveau satisfaisant;0,04 USD;;0,16 USD;;;Bon état;;serin-prod-5ml|seringue plastique 5cc|approvisionnement urgent!;;;;
;Sel de Katwe;Produits vétérinaires;sachet;1;kg;3;;;Approvisionnement urgent!;0,58 USD;;0,80 USD;;;;;sel d-prod-kg|sel de katwe|approvisionnement urgent!;;;;
;S-dime bolus;Produits vétérinaires;bolus;1;bolus;10;;;Niveau satisfaisant;0,29 USD;;0,50 USD;;;Bon état;;s-dim-prod-bolus|s-dime bolus|approvisionnement urgent!;;;;
;S-dime liquide 125ml;Produits vétérinaires;flacon;1;125ml;5;;;Niveau satisfaisant;1,79 USD;;3,00 USD;;;Bon état;;s-dim-prod-125ml|s-dime liquide 125ml|approvisionnement urgent!;;;;
;S-dime liquide 1litre;Produits vétérinaires;flacon;1;litre;5;;;Approvisionnement urgent!;4,96 USD;;12,00 USD;;;;;s-dim-prod-litre|s-dime liquide 1litre|approvisionnement urgent!;;;;
;Sceau metalique 20litre;outils aratoires;pce;1;pce;2;;;Approvisionnement urgent!;14,56 USD;;30,00 USD;;;;;sceau-outi-pce|sceau metalique 20litre|approvisionnement urgent!;;;;
;Samorin 8tetes;Produits vétérinaires;sachet;1;12,5gr;3;;;Niveau satisfaisant;3,24 USD;;10,00 USD;;;Bon état;;samor-prod-12,5gr|samorin 8tetes|approvisionnement urgent!;;;;
;Samorin 1tete;Produits vétérinaires;sachet;1;gr;3;;;Approvisionnement urgent!;0,93 USD;;2,00 USD;;;;;samor-prod-gr|samorin 1tete|approvisionnement urgent!;;;;
;Salopette;outils aratoires;pce;1;pce;2;;;Approvisionnement urgent!;8,00 USD;;10,00 USD;;;;;salop-outi-pce|salopette|approvisionnement urgent!;;;;
;Salade sachet origonal/10gr;Semences;sachet;1;original;5;;;Approvisionnement urgent!;0,60 USD;;3,00 USD;;;;;salad-seme-original|salade sachet origonal/10gr|approvisionnement urgent!;;;;
;Salade 10gr;Semences;sachet;1;10gr;5;;;Niveau satisfaisant;0,48 USD;;0,80 USD;;;Bon état;;salad-seme-10gr|salade 10gr|approvisionnement urgent!;;;;
;Salade 50gr;Semences;boie;1;50gr;3;;;Approvisionnement urgent!;4,79 USD;;6,00 USD;;;;;salad-seme-50gr|salade 50gr|approvisionnement urgent!;;;;
;Sachet politylene noir 15cm X 9cm;outils aratoires;sachet;1;kg;5;;;Niveau satisfaisant;3,00 USD;;6,00 USD;;;Bon état;Lot-Initial-SACHE-OUTI-kg-02012026;sache-outi-kg|sachet politylene noir|approvisionnement urgent!;;;;
;sachet poly noir  bananier 25cm X 25cm;outils aratoires;pce;1;pce;3;;;Niveau satisfaisant;5,00 USD;;10,00 USD;;;Bon état;Lot-Initial-SACHE-OUTI-pce-02012026;sache-outi-pce|sachet poly noir bananier|approvisionnement urgent!;;;;
;Sac stockage semence et céréales;outils aratoires;pce;1;pce;3;;;Approvisionnement urgent!;2,13 USD;;5,00 USD;;;;;sac s-outi-pce|sac stockage semence et cereales|approvisionnement urgent!;;;;
;Ruban pour poids;Produits vétérinaires;pce;1;pce;3;;;Approvisionnement urgent!;0,00 USD;;0,00 USD;;;;;ruban-prod-pce|ruban pour poids|approvisionnement urgent!;;;;
;Roundup;herbicide;flacon;1;litre;3;;;Niveau satisfaisant;6,58 USD;;10,00 USD;;;Bon état;;round-herb-litre|roundup|approvisionnement urgent!;;;;
;Rocket 100ml;Insecticide agricole;flacon;1;100ml;3;;;Niveau satisfaisant;1,30 USD;;3,00 USD;;;Bon état;;rocke-inse-100ml|rocket 100ml|approvisionnement urgent!;;;;
;Rocket 250ml;Insecticide agricole;flacon;1;250ml.;2;;;Approvisionnement urgent!;1,64 USD;;5,00 USD;;;;;rocke-inse-250ml.|rocket 250ml|approvisionnement urgent!;;;;
;Rocket 500ml;fongicides agricole;flacon;1;500ml;3;;;Niveau satisfaisant;4,24 USD;;10,00 USD;;;Bon état;;rocke-fong-500ml|rocket 500ml|approvisionnement urgent!;;;;
;Rocket 1litre;Insecticide agricole;flacon;1;1litre;2;;;Approvisionnement urgent!;8,21 USD;;18,00 USD;;;Bon état;;rocke-inse-1litre|rocket 1litre|approvisionnement urgent!;;;;
;Ridomi poudre 250gr;fongicides agricole;sachet;1;250gr.;3;;;Approvisionnement urgent!;2,70 USD;;5,00 USD;;;;;ridom-fong-250gr.|ridomi poudre 250gr|approvisionnement urgent!;;;;
;Ridomil poudre 100gr;fongicides agricole;sachet;1;100gr;2;;;Niveau satisfaisant;1,20 USD;;2,78 USD;;;Bon état;;ridom-fong-100gr|ridomil poudre 100gr|approvisionnement urgent!;;;;
;Ridomil 1kg (poudre);fongicides agricole;sachet;1;kilogramme;2;;;Approvisionnement urgent!;5,70 USD;;14,45 USD;;;;;ridom-fong-kilogramme|ridomil 1kg (poudre)|approvisionnement urgent!;;;;
;Ridomil graine 250gr;fongicides agricole;sachet;1;250gr;3;;;Niveau satisfaisant;5,70 USD;;15,00 USD;;;Bon état;;ridom-fong-250gr|ridomil graine 250gr|approvisionnement urgent!;;;;
;Ridomil 1kg graine;fongicides agricole;sachet;1;kg;2;;;Approvisionnement urgent!;20,35 USD;;35,00 USD;;;;;ridom-fong-kg|ridomil 1kg graine|approvisionnement urgent!;;;;
;Rat Poison;Raticide;sachet;1;sachet;5;;;Approvisionnement urgent!;0,27 USD;;0,50 USD;;;;;rat p-rati-sachet|rat poison|approvisionnement urgent!;;;;
;Ratox;Raticide;sachet;1;sachet;3;;;Niveau satisfaisant;0,00 USD;;0,26 USD;;;Bon état;;ratox-rati-sachet|ratox|approvisionnement urgent!;;;;
;Rateaux;outils aratoires;pce;1;pcce;5;;;Approvisionnement urgent!;2,08 USD;;4,30 USD;;;;;ratea-outi-pcce|rateaux|approvisionnement urgent!;;;;
;Rapid-Grow;Engrais foliaires;flacon;1;1litre;3;;;Niveau satisfaisant;1,10 USD;;3,00 USD;;;Bon état;;rapid-engr-1litre|rapid-grow|approvisionnement urgent!;;;;
;Radis sachet;Semences;sachet;1;10gr;5;;;Approvisionnement nécessaire;0,48 USD;;0,80 USD;;;Bon état;;radis-seme-10gr|radis sachet|approvisionnement urgent!;;;;
;Quinan 10ml;Produits vétérinaires;flacon;1;100ml.;3;;;Approvisionnement urgent!;3,20 USD;;4,80 USD;;;;;quina-prod-100ml.|quinan 10ml|approvisionnement urgent!;;;;
;Quinan 100ml;Produits vétérinaires;flacon;1;100ml;3;;;Approvisionnement urgent!;6,50 USD;;10,00 USD;;;;;quina-prod-100ml|quinan 100ml|approvisionnement urgent!;;;;
;Pulvérisateur Agriscope 2litres;outils aratoires;pce;1;…pce;3;;;Niveau satisfaisant;15,00 USD;;35,00 USD;;;Bon état;;pulve-outi-…pce|pulverisateur agriscope 2litres|approvisionnement urgent!;;;;
;Pulvérisateur Farmate 20litres;outils aratoires;pce;1;..pce;2;;;Niveau satisfaisant;17,00 USD;;40,00 USD;;;Bon état;;pulve-outi-..pce|pulverisateur farmate 20litres|approvisionnement urgent!;;;;
;Pulvérisateur CP-15;outils aratoires;pce;1;pce…;2;;;Niveau satisfaisant;40,00 USD;;65,00 USD;;;Bon état;;pulve-outi-pce…|pulverisateur cp-15|approvisionnement urgent!;;;;
;Pulvérisateur 16litres;outils aratoires;pce;1;.pce;3;;;Approvisionnement urgent!;11,50 USD;;20,00 USD;;;;;pulve-outi-.pce|pulverisateur 16litres|approvisionnement urgent!;;;;
;Pulvérisateur 2litres;outils aratoires;pce;1;pce..;3;;;Niveau satisfaisant;4,00 USD;;8,00 USD;;;Bon état;;pulve-outi-pce..|pulverisateur 2litres|approvisionnement urgent!;;;;
;Pulvérisateur Easeed 1litre;outils aratoires;pce;1;pce.;5;;;Approvisionnement urgent!;2,00 USD;;5,00 USD;;;;;pulve-outi-pce.|pulverisateur easeed 1litre|approvisionnement urgent!;;;;
;Pulvérisateur Chine 1litre;outils aratoires;pce;1;pce;10;;;Niveau satisfaisant;0,81 USD;;3,50 USD;;;Bon état;;pulve-outi-pce|pulverisateur chine 1litre|approvisionnement urgent!;;;;
;Protéine 100%;Produits vétérinaires;sachet;1;100gr;3;;;Niveau satisfaisant;1,85 USD;;6,00 USD;;;Bon état;;prote-prod-100gr|proteine 100%|approvisionnement urgent!;;;;
;Poivron sachet original;semence;sachet;1;original;5;;;Approvisionnement urgent!;0,48 USD;;0,80 USD;;;;;poivr-seme-original|poivron sachet original|approvisionnement urgent!;;;;
;Poivron sachett/10gr;Semences;sachet;1;10gr;5;;;Niveau satisfaisant;0,48 USD;;0,80 USD;;;Bon état;;poivr-seme-10gr|poivron sachett/10gr|approvisionnement urgent!;;;;
;Poivron bte/50gr;Semences;boite;1;50gr;5;;;Approvisionnement urgent!;4,57 USD;;7,00 USD;;;Bon état;;poivr-seme-50gr|poivron bte/50gr|approvisionnement urgent!;;;;
;Poireau sachet original;Semences;sachet;1;original;3;;;Approvisionnement urgent!;0,60 USD;;3,00 USD;;;;;poire-seme-original|poireau sachet original|approvisionnement urgent!;;;;
;Poireau 10gr;Semences;sachet;1;10gr;5;;;Niveau satisfaisant;0,48 USD;;0,80 USD;;;Bon état;;poire-seme-10gr|poireau 10gr|approvisionnement urgent!;;;;
;Poireau bte/50gr;Semences;boite;1;50gr;5;;;Approvisionnement urgent!;3,20 USD;;5,00 USD;;;Bon état;;poire-seme-50gr|poireau bte/50gr|approvisionnement urgent!;;;;
;Piston pour pompe;outils aratoires;pce;1;pce;2;;;Approvisionnement urgent!;6,23 USD;;10,00 USD;;;Bon état;;pisto-outi-pce|piston pour pompe|approvisionnement urgent!;;;;
;Pipérazine poudre sachet/5gr;Produits vétérinaires;sachet;1;5gr;5;;;Niveau satisfaisant;0,09 USD;;0,25 USD;;;Bon état;;piper-prod-5gr|piperazine poudre sachet/5gr|approvisionnement urgent!;;;;
;Pipérazine poudre sachet/100gr;Produits vétérinaires;sachet;1;100gr;6;;;Niveau satisfaisant;1,63 USD;;5,00 USD;;;Bon état;;piper-prod-100gr|piperazine poudre sachet/100gr|approvisionnement urgent!;;;;
;Pince pour boucle d'oreille vache;Produits vétérinaires;pce;1;pce.;3;;;Approvisionnement urgent!;23,44 USD;;60,00 USD;;;;;pince-prod-pce.|pince pour boucle d'oreille vache|approvisionnement urgent!;;;;
;Pince pour boucle d'oreille chèvres;Produits vétérinaires;pce;1;pce;5;;;Approvisionnement urgent!;23,44 USD;;60,00 USD;;;;;pince-prod-pce|pince pour boucle d'oreille chevres|approvisionnement urgent!;;;;
;Piment sachet;Semences;sachet;1;original;5;;;Approvisionnement urgent!;1,00 USD;;3,00 USD;;;;;pimen-seme-original|piment sachet|approvisionnement urgent!;;;;
;Piment sachet/10gr;Semences;sachet;1;10gr;5;;;Approvisionnement nécessaire;0,48 USD;;1,00 USD;;;Bon état;;pimen-seme-10gr|piment sachet/10gr|approvisionnement urgent!;;;;
;Piment bte/50gr;Semences;boite;1;50gr;3;;;Approvisionnement urgent!;5,00 USD;;20,00 USD;;;;;pimen-seme-50gr|piment bte/50gr|approvisionnement urgent!;;;;
;Pig booster weight sache/1kg;Produits vétérinaires;sachet;1;1kg;6;;;Approvisionnement urgent!;0,51 USD;;3,00 USD;;;Bon état;;pig b-prod-1kg|pig booster weight sache/1kg|approvisionnement urgent!;;;;
;Phenylject;Produits vétérinaires;flacon;1;100ml;6;;;Niveau satisfaisant;3,75 USD;;7,00 USD;;;Bon état;;pheny-prod-100ml|phenylject|approvisionnement urgent!;;;;
;Permanganate sachet/5cés;Désinfectants;sachet;1;5gr;5;;;Approvisionnement urgent!;0,10 USD;;0,40 USD;;;;;perma-desi-5gr|permanganate sachet/5ces|approvisionnement urgent!;;;;
;Persil sachet original;Semences;sachet;1;original;5;;;Approvisionnement urgent!;0,60 USD;;3,00 USD;;;;;persi-seme-original|persil sachet original|approvisionnement urgent!;;;;
;Persil sachet/10gr;Semences;sachet;1;10gr;5;;;Niveau satisfaisant;0,48 USD;;0,80 USD;;;Bon état;;persi-seme-10gr|persil sachet/10gr|approvisionnement urgent!;;;;
;Persil bte/50gr;Semences;flacon;1;50gr;3;;;Niveau satisfaisant;2,26 USD;;6,00 USD;;;Bon état;;persi-seme-50gr|persil bte/50gr|approvisionnement urgent!;;;;
;Peni-strepto Europe;Produits vétérinaires;flacon;1;100ml.;6;;;Approvisionnement urgent!;4,68 USD;;7,00 USD;;;Bon état;;peni--prod-100ml.|peni-strepto europe|approvisionnement urgent!;;;;
;Peni-strepto 100ml China;Produits vétérinaires;flacon;1;100ml;6;;;Niveau satisfaisant;3,56 USD;;6,00 USD;;;Bon état;;peni--prod-100ml|peni-strepto 100ml china|approvisionnement urgent!;;;;
;Pelettes croissances de chaires sac/50kg;Aliments de ferme;sac;1;50kg.;2;;;Approvisionnement urgent!;26,14 USD;;30,00 USD;;;;;pelet-alim-50kg.|pelettes croissances de chaires sac/50kg|approvisionnement urgent!;;;;
;Pelettes croissances de chaires kg;Aliments de ferme;sachet;1;kg.;10;;;Approvisionnement urgent!;0,53 USD;;0,89 USD;;;;;pelet-alim-kg.|pelettes croissances de chaires kg|approvisionnement urgent!;;;;
;Pelettes demarages de chaires sac/50kg;Aliments de ferme;sac;1;50kg;2;;;Approvisionnement urgent!;24,43 USD;;32,00 USD;;;;;pelet-alim-50kg|pelettes demarages de chaires sac/50kg|approvisionnement urgent!;;;;
;Pelettes demarages de chaires kg;Aliments de ferme;sachet;1;kg;10;;;Approvisionnement urgent!;0,47 USD;;0,89 USD;;;;;pelet-alim-kg|pelettes demarages de chaires kg|approvisionnement urgent!;;;;
;Oxytocin;Produits vétérinaires;flacon;1;100ml;6;;;Approvisionnement urgent!;3,93 USD;;6,00 USD;;;Bon état;;oxyto-prod-100ml|oxytocin|approvisionnement urgent!;;;;
;Oxytetracycline poudre;Produits vétérinaires;sachet;1;100gr;6;;;Niveau satisfaisant;2,56 USD;;6,00 USD;;;Bon état;;oxyte-prod-100gr|oxytetracycline poudre|approvisionnement urgent!;;;;
;Oxytetracycline 30%;Produits vétérinaires;flacon;1;100ml….;6;;;Approvisionnement urgent!;4,83 USD;;6,00 USD;;;;;oxyte-prod-100ml….|oxytetracycline 30%|approvisionnement urgent!;;;;
;Oxytetracycline Europe 20%;Produits vétérinaires;flacon;1;..100ml;6;;;Approvisionnement urgent!;3,96 USD;;5,00 USD;;;Bon état;;oxyte-prod-..100ml|oxytetracycline europe 20%|approvisionnement urgent!;;;;
;Oxytetracycline Chine 20%;Produits vétérinaires;flacon;1,16;.100ml;6;;;Niveau satisfaisant;1,16 USD;;3,50 USD;;;Bon état;;oxyte-prod-.100ml|oxytetracycline chine 20%|approvisionnement urgent!;;;;
;Oxytetracycline Europe 10%;Produits vétérinaires;flacon;1;100ml..;6;;;Niveau satisfaisant;2,50 USD;;4,00 USD;;;Bon état;;oxyte-prod-100ml..|oxytetracycline europe 10%|approvisionnement urgent!;;;;
;Oxytetracycline Chine10%;Produits vétérinaires;flacon;1;100ml.;6;;;Approvisionnement urgent!;0,94 USD;;3,00 USD;;;;;oxyte-prod-100ml.|oxytetracycline chine10%|approvisionnement urgent!;;;;
;Oxytetracycline 5%;Produits vétérinaires;flacon;1;100ml;6;;;Approvisionnement urgent!;0,79 USD;;2,80 USD;;;;;oxyte-prod-100ml|oxytetracycline 5%|approvisionnement urgent!;;;;
;Oxychlorure de cuivre 100gr;fongicides agricole;sachet;1;100gr;3;;;Approvisionnement urgent!;1,80 USD;;2,50 USD;;;;;oxych-fong-100gr|oxychlorure de cuivre 100gr|approvisionnement urgent!;;;;
;Oxychlorure de cuivre 250gr;fongicides agricole;sachet;1;250gr;3;;;Niveau satisfaisant;2,70 USD;;3,00 USD;;;Bon état;;oxych-fong-250gr|oxychlorure de cuivre 250gr|approvisionnement urgent!;;;;
;Oxychlorure de cuivre 1kg;fongicides agricole;sachet;1;kg;3;;;Approvisionnement urgent!;7,00 USD;;12,00 USD;;;;;oxych-fong-kg|oxychlorure de cuivre 1kg|approvisionnement urgent!;;;;
;Oxy spray (Chine);Produits vétérinaires;tube;1;tube.;3;;;Niveau satisfaisant;3,36 USD;;6,00 USD;;;Bon état;;oxy s-prod-tube.|oxy spray (chine)|approvisionnement urgent!;;;;
;Oxy spray (Alamycin);Produits vétérinaires;tube;1;tube;3;;;Niveau satisfaisant;3,60 USD;;6,00 USD;;;Bon état;;oxy s-prod-tube|oxy spray (alamycin)|approvisionnement urgent!;;;;
;Opticlox;Produits vétérinaires;tube;1;20gr;3;;;Approvisionnement urgent!;1,70 USD;;3,00 USD;;;Bon état;;optic-prod-20gr|opticlox|approvisionnement urgent!;;;;
;Okra 10gr (Dongodogo) 10gr;Semences;sachet;1;10gr;3;;;Niveau satisfaisant;0,48 USD;;0,80 USD;;;Bon état;;okra -seme-10gr|okra 10gr (dongodogo) 10gr|approvisionnement urgent!;;;;
;Okra (Dongodogo) bte/50gr;Semences;boite;1;50gr;3;;;Approvisionnement urgent!;1,90 USD;;3,50 USD;;;;;okra -seme-50gr|okra (dongodogo) bte/50gr|approvisionnement urgent!;;;;
;"Oignon rouge 250gr ""Bombay Red""";Semences;boite;1;250gr.;3;;;Approvisionnement urgent!;7,00 USD;;13,00 USD;;;Bon état;;"oigno-seme-250gr.|oignon rouge 250gr ""bombay red""|approvisionnement urgent!";;;;
;"Oignon rouge 250gr ""Red Creole""";Semences;boite;1;250gr;3;;;Approvisionnement urgent!;9,00 USD;;15,00 USD;;;;;"oigno-seme-250gr|oignon rouge 250gr ""red creole""|approvisionnement urgent!";;;;
;Oignon sachet original;Semences;sachet;1;original.;5;;;Approvisionnement urgent!;0,60 USD;;3,00 USD;;;;;oigno-seme-original.|oignon sachet original|approvisionnement urgent!;;;;
;Oignon rouge 10gr;Semences;sachet;1;10gr.;5;;;Niveau satisfaisant;0,48 USD;;0,80 USD;;;Bon état;Lot-Initial-OIGNO-SEME-10gr.-01012025;oigno-seme-10gr.|oignon rouge 10gr|approvisionnement urgent!;;;;
;Oignon rouge 50gr;Semences;boite;1;50gr.;5;;;Niveau satisfaisant;3,20 USD;;5,00 USD;;;Bon état;;oigno-seme-50gr.|oignon rouge 50gr|approvisionnement urgent!;;;;
;Oignon blanc sachet original/10gr;Semences;sachet;1;original;5;;;Niveau satisfaisant;1,30 USD;;3,00 USD;;;Bon état;;oigno-seme-original|oignon blanc sachet original/10gr|approvisionnement urgent!;;;;
;Oignon blanc 10gr;Semences;sachet;1;10gr;5;;;Approvisionnement urgent!;0,48 USD;;0,80 USD;;;;;oigno-seme-10gr|oignon blanc 10gr|approvisionnement urgent!;;;;
;Oignon blanc 50gr;Semences;boite;1;50gr;5;;;Approvisionnement urgent!;3,30 USD;;6,00 USD;;;Bon état;;oigno-seme-50gr|oignon blanc 50gr|approvisionnement urgent!;;;;
;Oeufs feconcés;Produits vétérinaires;pce;1;pce;6;;;Approvisionnement urgent!;0,34 USD;;0,41 USD;;;;;oeufs-prod-pce|oeufs feconces|approvisionnement urgent!;;;;
;Œstrogène;Produits vétérinaires;flacon;1;2ml;3;;;Approvisionnement urgent!;0,68 USD;;3,00 USD;;;;;œstro-prod-2ml|œstrogene|approvisionnement urgent!;;;;
;Novalgine;Produits vétérinaires;flacon;1;100ml;6;;;Niveau satisfaisant;1,60 USD;;6,00 USD;;;Bon état;;noval-prod-100ml|novalgine|approvisionnement urgent!;;;;
;Nilzan bolus;Produits vétérinaires;bolus;1;bolus;10;;;Niveau satisfaisant;0,23 USD;;0,70 USD;;;Bon état;;nilza-prod-bolus|nilzan bolus|approvisionnement urgent!;;;;
;Aliseryl poudre sachet/5gr;Produits vétérinaires;sachet;1;5gr;10;;;Niveau satisfaisant;0,10 USD;;0,25 USD;;;Bon état;;alise-prod-5gr|aliseryl poudre sachet/5gr|approvisionnement urgent!;;;;
;Aliseryl poudre sachet/100gr;Produits vétérinaires;sachet;1;100gr;10;;;Niveau satisfaisant;3,04 USD;;7,00 USD;;;Bon état;;alise-prod-100gr|aliseryl poudre sachet/100gr|approvisionnement urgent!;;;;
;N.P.K 17-17-17 sac/50kg;Engrais granulés;sac;1;50kg;2;;;Niveau satisfaisant;50,00 USD;;65,00 USD;;;Bon état;;n.p.k-engr-50kg|n.p.k 17-17-17 sac/50kg|approvisionnement urgent!;;;;
;N.P.K 17-17-17 sachet/1kg;Engrais granulés;sachet;1;kg;10;;;Niveau satisfaisant;1,00 USD;;1,40 USD;;;Bon état;Lot-Initial-N.P.K-ENGR-kg-02012026;n.p.k-engr-kg|n.p.k 17-17-17 sachet/1kg|approvisionnement urgent!;;;;
;Ngai-Ngai sachet/10gr;Semences;sachet;1;10gr;5;;;Approvisionnement urgent!;0,48 USD;;0,80 USD;;;Bon état;;ngai--seme-10gr|ngai-ngai sachet/10gr|approvisionnement urgent!;;;;
;Muselière petit cuir pr chiens;Produits vétérinaires;pce;1;…pce;2;;;Approvisionnement urgent!;5,00 USD;;10,00 USD;;;;;musel-prod-…pce|museliere petit cuir pr chiens|approvisionnement urgent!;;;;
;Muselière moyen cuir pr chiens;Produits vétérinaires;pce;1;.pce;2;;;Approvisionnement urgent!;8,00 USD;;12,00 USD;;;;;musel-prod-.pce|museliere moyen cuir pr chiens|approvisionnement urgent!;;;;
;Muselière grand cuir pr chiens;Produits vétérinaires;pce;1;pce;2;;;Approvisionnement urgent!;10,00 USD;;15,00 USD;;;;;musel-prod-pce|museliere grand cuir pr chiens|approvisionnement urgent!;;;;
;Multivitamine bolus;Produits vétérinaires;bolus;1;bolus;10;;;Niveau satisfaisant;0,15 USD;;0,70 USD;;;Bon état;;multi-prod-bolus|multivitamine bolus|approvisionnement urgent!;;;;
;Multivitamine Europe injectable;Produits vétérinaires;flacon;1;.100ml;6;;;Niveau satisfaisant;3,03 USD;;6,00 USD;;;Bon état;;multi-prod-.100ml|multivitamine europe injectable|approvisionnement urgent!;;;;
;Multivitamine Chine injectable;Produits vétérinaires;flacon;1;100ml;6;;;Niveau satisfaisant;1,20 USD;;3,50 USD;;;Bon état;;multi-prod-100ml|multivitamine chine injectable|approvisionnement urgent!;;;;
;Morelle sachet 10gr;Semences;sachet;1;10gr;4;;;Approvisionnement urgent!;0,48 USD;;0,80 USD;;;Bon état;;morel-seme-10gr|morelle sachet 10gr|approvisionnement urgent!;;;;
;Methionine 1kg;Produits vétérinaires;sachet;1;kg;3;;;Approvisionnement urgent!;2,00 USD;;8,00 USD;;;;;methi-prod-kg|methionine 1kg|approvisionnement urgent!;;;;
;Meat booster Poule;Produits vétérinaires;sachet;1;kg;3;;;Niveau satisfaisant;0,51 USD;;3,00 USD;;;Bon état;;meat -prod-kg|meat booster poule|approvisionnement urgent!;;;;
;Maracouja sachet/10gr;outils aratoires;pce;1;pce;3;;;Approvisionnement urgent!;5,00 USD;;10,00 USD;;;;;marac-outi-pce|maracouja sachet/10gr|approvisionnement urgent!;;;;
;Mancozeb 80% WP sac/25kg;fongicides agricole;sac;1;25kg;3;;;Approvisionnement urgent!;100,00 USD;;125,00 USD;;;Bon état;;manco-fong-25kg|mancozeb 80% wp sac/25kg|approvisionnement urgent!;;;;
;Mancozeb 80% WP 1/2kg;fongicides agricole;sachet;1;500gr;3;;;Niveau satisfaisant;2,00 USD;;3,00 USD;;;Bon état;;manco-fong-500gr|mancozeb 80% wp 1/2kg|approvisionnement urgent!;;;;
;Mancozeb 80% WP 1kg;fongicides agricole;sachet;1;kg;3;;;Niveau satisfaisant;4,00 USD;;6,00 USD;;;Bon état;;manco-fong-kg|mancozeb 80% wp 1kg|approvisionnement urgent!;;;;
;Manche bistouris;Produits vétérinaires;pce;1;pce;3;;;Approvisionnement urgent!;1,99 USD;;3,00 USD;;;;;manch-prod-pce|manche bistouris|approvisionnement urgent!;;;;
;Mangeoire poussins 1kg;Produits vétérinaires;pce;1;..pce;3;;;Approvisionnement urgent!;2,50 USD;;5,00 USD;;;;;mange-prod-..pce|mangeoire poussins 1kg|approvisionnement urgent!;;;;
;Mangeoire PETIT;Produits vétérinaires;pce;1;.pce;3;;;Niveau satisfaisant;2,50 USD;;9,00 USD;;;Bon état;;mange-prod-.pce|mangeoire petit|approvisionnement urgent!;;;;
;Mangeoire poules adulte;Produits vétérinaires;pce;1;pce;3;;;Niveau satisfaisant;4,97 USD;;10,00 USD;;;Bon état;;mange-prod-pce|mangeoire poules adulte|approvisionnement urgent!;;;;
;Malathion 2% poudre;Insecticide agricole;flacon;1;2mg;3;;;Approvisionnement urgent!;0,92 USD;;3,00 USD;;;Bon état;;malat-inse-2mg|malathion 2% poudre|approvisionnement urgent!;;;;
;Mais semences Hybride;Semences;sachet;1;2kg;3;;;Approvisionnement urgent!;2,97 USD;;7,00 USD;;;;;mais -seme-2kg|mais semences hybride|approvisionnement urgent!;;;;
;Mais kg variété locale;Semences;sachet;1;kg;5;;;Approvisionnement urgent!;1,30 USD;;2,50 USD;;;;;mais -seme-kg|mais kg variete locale|approvisionnement urgent!;;;;
;Machettes;outils aratoires;pce;1;pce;2;;;Approvisionnement urgent!;2,00 USD;;3,00 USD;;;;;mache-outi-pce|machettes|approvisionnement urgent!;;;;
;Lysine 1kg;Produits vétérinaires;sachet;1;kg;3;;;Approvisionnement urgent!;2,00 USD;;10,00 USD;;;;;lysin-prod-kg|lysine 1kg|approvisionnement urgent!;;;;
;Lunette de protection;outils aratoires;pce;1;pce;3;;;Niveau satisfaisant;2,10 USD;;5,00 USD;;;Bon état;;lunet-outi-pce|lunette de protection|approvisionnement urgent!;;;;
;Limoxin poudre 100gr;Produits vétérinaires;sachet;1;100gr;5;;;Niveau satisfaisant;5,20 USD;;8,00 USD;;;Bon état;;limox-prod-100gr|limoxin poudre 100gr|approvisionnement urgent!;;;;
;Levacide;Produits vétérinaires;flacon;1;100ml;5;;;Niveau satisfaisant;3,13 USD;;6,00 USD;;;Bon état;;levac-prod-100ml|levacide|approvisionnement urgent!;;;;
;Lesse + collier de lux;Produits vétérinaires;pce;1;..pce;2;;;Niveau satisfaisant;13,00 USD;;20,00 USD;;;Bon état;;lesse-prod-..pce|lesse + collier de lux|approvisionnement urgent!;;;;
;Lesse gilet petit pour chiens;Produits vétérinaires;pce;1;.pce;2;;;Approvisionnement urgent!;4,78 USD;;15,00 USD;;;;;lesse-prod-.pce|lesse gilet petit pour chiens|approvisionnement urgent!;;;;
;Lesse gilet grand pour chiens;Produits vétérinaires;pce;1;pce;2;;;Niveau satisfaisant;8,00 USD;;25,00 USD;;;Bon état;;lesse-prod-pce|lesse gilet grand pour chiens|approvisionnement urgent!;;;;
;Lava 100ml;Insecticide agricole;flacon;1;100ml;15;;;Niveau satisfaisant;1,14 USD;;3,00 USD;;;Bon état;;lava -inse-100ml|lava 100ml|approvisionnement urgent!;;;;
;Lava 250ml;Insecticide agricole;flacon;1;250ml;6;;;Approvisionnement urgent!;2,27 USD;;5,00 USD;;;;;lava -inse-250ml|lava 250ml|approvisionnement urgent!;;;;
;Lava 500ml;Insecticide agricole;flacon;1;500ml;5;;;Approvisionnement urgent!;7,35 USD;;10,00 USD;;;;;lava -inse-500ml|lava 500ml|approvisionnement urgent!;;;;
;Lava 1litre;Produits vétérinaires;flacon;1;1litre;3;;;Approvisionnement urgent!;8,84 USD;;18,00 USD;;;;;lava -prod-1litre|lava 1litre|approvisionnement urgent!;;;;
;Lames bistouris;Produits vétérinaires;pce;1;pce;5;;;Approvisionnement urgent!;0,16 USD;;0,50 USD;;;;;lames-prod-pce|lames bistouris|approvisionnement urgent!;;;;
;Lacto-Mass;Produits vétérinaires;flacon;1;1litre;2;;;Approvisionnement urgent!;3,20 USD;;15,00 USD;;;Bon état;;lacto-prod-1litre|lacto-mass|approvisionnement urgent!;;;;
;Kuu-Kill 1litre;Insecticide agricole;flacon;1;1litre;3;;;Approvisionnement urgent!;7,56 USD;;18,00 USD;;;Bon état;;kuu-k-inse-1litre|kuu-kill 1litre|approvisionnement urgent!;;;;
;Kuu-Kill 250ml;Insecticide agricole;flacon;1;250ml;6;;;Niveau satisfaisant;2,09 USD;;6,00 USD;;;Bon état;;kuu-k-inse-250ml|kuu-kill 250ml|approvisionnement urgent!;;;;
;Kuu-Kill 100ml;Insecticide agricole;flacon;1;100ml;12;;;Niveau satisfaisant;0,87 USD;;2,50 USD;;;Bon état;;kuu-k-inse-100ml|kuu-kill 100ml|approvisionnement urgent!;;;;
;Kit enlève-poils  chiens & chat;Produits vétérinaires;pce;1;pce;2;;;Approvisionnement urgent!;8,20 USD;;15,00 USD;;;Bon état;;kit e-prod-pce|kit enleve-poils chiens & chat|approvisionnement urgent!;;;;
;Ivermectin 50ml;Produits vétérinaires;flacon;1;50ml;6;;;Niveau satisfaisant;0,96 USD;;5,00 USD;;;Bon état;;iverm-prod-50ml|ivermectin 50ml|approvisionnement urgent!;;;;
;Ivermectin 10ml;Produits vétérinaires;flacon;1;10ml;5;;;Approvisionnement urgent!;0,65 USD;;2,50 USD;;;;;iverm-prod-10ml|ivermectin 10ml|approvisionnement urgent!;;;;
;Intramamaire;Produits vétérinaires;tube;1;25gr;2;;;Approvisionnement urgent!;0,83 USD;;3,00 USD;;;Bon état;;intra-prod-25gr|intramamaire|approvisionnement urgent!;;;;
;Insecticide;Insecticide agricole;tube;1;250ml;2;;;Approvisionnement urgent!;2,14 USD;;3,00 USD;;;;;insec-inse-250ml|insecticide|approvisionnement urgent!;;;;
;Inkuyo grease;Produits vétérinaires;boite;1;100gr;2;;;Niveau satisfaisant;1,38 USD;;6,00 USD;;;Bon état;;inkuy-prod-100gr|inkuyo grease|approvisionnement urgent!;;;;
;Imperméable;outils aratoires;pce;1;pce;2;;;Approvisionnement urgent!;8,00 USD;;10,00 USD;;;;;imper-outi-pce|impermeable|approvisionnement urgent!;;;;
;Imicarb;Produits vétérinaires;flacon;1;50ml;2;;;Approvisionnement urgent!;7,56 USD;;20,00 USD;;;Bon état;;imica-prod-50ml|imicarb|approvisionnement urgent!;;;;
;Houes;outils aratoires;pce;1;pce;2;;;Approvisionnement urgent!;2,50 USD;;4,50 USD;;;;;houes-outi-pce|houes|approvisionnement urgent!;;;;
;HI-TET 120;Produits vétérinaires;flacon;1;100ml;3;;;Approvisionnement urgent!;4,45 USD;;7,00 USD;;;Bon état;;hi-te-prod-100ml|hi-tet 120|approvisionnement urgent!;;;;
;H2O;Produits vétérinaires;flacon;1;10ml;5;;;Niveau satisfaisant;0,05 USD;;0,11 USD;;;Bon état;;h2o-prod-10ml|h2o|approvisionnement urgent!;;;;
;Herbicide selectif Riz (BUTANIL 70);herbicide;flacon;1;1litre;2;;;Approvisionnement urgent!;8,14 USD;;15,00 USD;;;;;herbi-herb-1litre|herbicide selectif riz (butanil 70)|approvisionnement urgent!;;;;
;Herbicide selectif Mais (2,4D AMINE);herbicide;flacon;1;litre;2;;;Approvisionnement urgent!;4,61 USD;;10,00 USD;;;;;herbi-herb-litre|herbicide selectif mais (2,4d amine)|approvisionnement urgent!;;;;
;Haricot biofortifié 1kg;Semences;sachet;1;kg;5;;;Approvisionnement urgent!;1,70 USD;;2,50 USD;;;;;haric-seme-kg|haricot biofortifie 1kg|approvisionnement urgent!;;;;
;Glyphogan;herbicide;flacon;1;litre;2;;;Approvisionnement urgent!;6,58 USD;;10,00 USD;;;;;glyph-herb-litre|glyphogan|approvisionnement urgent!;;;;
;Gentamycine 5% poudre;Produits vétérinaires;sachet;1;100gr;3;;;Approvisionnement urgent!;4,98 USD;;7,00 USD;;;Bon état;;genta-prod-100gr|gentamycine 5% poudre|approvisionnement urgent!;;;;
;Gentamycine 5%;Produits vétérinaires;flacon;1;100ml;3;;;Niveau satisfaisant;4,30 USD;;10,00 USD;;;Bon état;;genta-prod-100ml|gentamycine 5%|approvisionnement urgent!;;;;
;Gants plastic;Produits vétérinaires;paire;1;..pce;2;;;Approvisionnement urgent!;2,50 USD;;4,00 USD;;;;;gants-prod-..pce|gants plastic|approvisionnement urgent!;;;;
;Gants plastics;Produits vétérinaires;paire;1;paire;2;;;Approvisionnement urgent!;1,00 USD;;1,30 USD;;;;;gants-prod-.pce|gants plastics|approvisionnement urgent!;;;;
;Gants non stérile;Produits vétérinaires;paire;1;pce;2;;;Approvisionnement urgent!;0,27 USD;;0,80 USD;;;;;gants-prod-pce|gants non sterile|approvisionnement urgent!;;;;
;Fumigan bolus;Insecticide agricole;tube;1;20cés;2;;;Approvisionnement urgent!;3,20 USD;;10,00 USD;;;;;fumig-inse-20ces|fumigan bolus|approvisionnement urgent!;;;;
;Fuko-kill;Raticide;boite;1;bte;10;;;Niveau satisfaisant;0,48 USD;;1,50 USD;;;Bon état;;fuko--rati-bte|fuko-kill|approvisionnement urgent!;;;;
;Flash Ball;Produits vétérinaires;pce;1;pce;2;;;Approvisionnement urgent!;6,78 USD;;15,00 USD;;;Bon état;;flash-prod-pce|flash ball|approvisionnement urgent!;;;;
;Epinard locale sachet/10gr original;Semences;sachet;1;original;3;;;Niveau satisfaisant;1,00 USD;;3,00 USD;;;Bon état;;epina-seme-original|epinard locale sachet/10gr original|approvisionnement urgent!;;;;
;Epinard Bet sachet/10gr;Semences;sachet;1;10gr;6;;;Niveau satisfaisant;0,48 USD;;0,80 USD;;;Bon état;;epina-seme-10gr|epinard bet sachet/10gr|approvisionnement urgent!;;;;
;Epinard Bet bte/50gr;Semences;boite;1;50gr;3;;;Approvisionnement urgent!;1,03 USD;;4,00 USD;;;Bon état;;epina-seme-50gr|epinard bet bte/50gr|approvisionnement urgent!;;;;
;Enrofloxacin injectable;Produits vétérinaires;flacon;1;100ml;6;;;Approvisionnement urgent!;2,40 USD;;6,00 USD;;;Bon état;;enrof-prod-100ml|enrofloxacin injectable|approvisionnement urgent!;;;;
;Egg booster 1kg;Produits vétérinaires;sachet;1;kg;6;;;Niveau satisfaisant;0,51 USD;;3,00 USD;;;Bon état;;egg b-prod-kg|egg booster 1kg|approvisionnement urgent!;;;;
;Egg booster bte 100gr;Produits vétérinaires;boite;1;100gr;6;;;Niveau satisfaisant;1,08 USD;;4,00 USD;;;Bon état;;egg b-prod-100gr|egg booster bte 100gr|approvisionnement urgent!;;;;
;Egg booster bte 500gr;Produits vétérinaires;boie;1;500gr;6;;;Approvisionnement urgent!;3,78 USD;;8,00 USD;;;Bon état;;egg b-prod-500gr|egg booster bte 500gr|approvisionnement urgent!;;;;
;Dudu dust;Produits vétérinaires;be;1;bte;10;;;Niveau satisfaisant;0,90 USD;;3,00 USD;;;Bon état;;dudu -prod-bte|dudu dust|approvisionnement urgent!;;;;
;Dudumectin 1litre;Insecticide agricole;flacon;1;1litre;2;;;Approvisionnement urgent!;9,19 USD;;18,00 USD;;;;;dudum-inse-1litre|dudumectin 1litre|approvisionnement urgent!;;;;
;Dudumectin 500ml;Insecticide agricole;flacon;1;500ml;3;;;Approvisionnement urgent!;6,00 USD;;10,00 USD;;;Bon état;;dudum-inse-500ml|dudumectin 500ml|approvisionnement urgent!;;;;
;Dudumectin 100ml;Insecticide agricole;flacon;1;100;6;;;Niveau satisfaisant;1,30 USD;;2,50 USD;;;Bon état;;dudum-inse-100|dudumectin 100ml|approvisionnement urgent!;;;;
;Doxycycline poudre 200mg;Produits vétérinaires;sachet;1;100gr;3;;;Niveau satisfaisant;3,41 USD;;7,00 USD;;;Bon état;;doxyc-prod-100gr|doxycycline poudre 200mg|approvisionnement urgent!;;;;
;Dovenix 100ml;Produits vétérinaires;flacon;1;50ml;3;;;Approvisionnement nécessaire;5,13 USD;;15,00 USD;;;Bon état;;doven-prod-50ml|dovenix 100ml|approvisionnement urgent!;;;;
;Dog shampoo Saint Bernard 250ml;Produits vétérinaires;flacon;1;250ml;2;;;Approvisionnement urgent!;8,00 USD;;12,00 USD;;;;;dog s-prod-250ml|dog shampoo saint bernard 250ml|approvisionnement urgent!;;;;
;Dog shampoo 500ml;Produits vétérinaires;flacon;1;500ml;3;;;Niveau satisfaisant;1,62 USD;;6,00 USD;;;Bon état;;dog s-prod-500ml|dog shampoo 500ml|approvisionnement urgent!;;;;
;Dog shampoo 1litre;Produits vétérinaires;flacon;1;1litre;3;;;Niveau satisfaisant;5,00 USD;;10,00 USD;;;Bon état;;dog s-prod-1litre|dog shampoo 1litre|approvisionnement urgent!;;;;
;Di-Agro rouge 1litre;Engrais foliaires;flacon;1;litre;2;;;Approvisionnement urgent!;18,00 USD;;30,00 USD;;;;;di-ag-engr-litre|di-agro rouge 1litre|approvisionnement urgent!;;;;
;Di-Agro vert 1litre;Engrais foliaires;flacon;1;1litre;2;;;Approvisionnement urgent!;20,00 USD;;30,00 USD;;;;;di-ag-engr-1litre|di-agro vert 1litre|approvisionnement urgent!;;;;
;Colvasone;Produits vétérinaires;flacon;1;50ml;6;;;Approvisionnement urgent!;2,20 USD;;6,00 USD;;;;;colva-prod-50ml|colvasone|approvisionnement urgent!;;;;
;Dexamethasone 50ml;Produits vétérinaires;flacon;1;50ml;6;;;Niveau satisfaisant;1,68 USD;;5,00 USD;;;Bon état;;dexam-prod-50ml|dexamethasone 50ml|approvisionnement urgent!;;;;
;D.A.P sac/50kg;Engrais granulés;sac;1;50kg;2;;;Approvisionnement nécessaire;50,00 USD;;65,00 USD;;;Bon état;;d.a.p-engr-50kg|d.a.p sac/50kg|approvisionnement urgent!;;;;
;D.A.P sachet/11kg;Engrais granulés;sachet;1;kg;5;;;Niveau satisfaisant;1,00 USD;;1,40 USD;;;Bon état;;d.a.p-engr-kg|d.a.p sachet/11kg|approvisionnement urgent!;;;;
;2-4-D Mpunga;Engrais foliaires;flacon;1;litre;2;;;Approvisionnement urgent!;4,61 USD;;10,00 USD;;;;;2-4-d-engr-litre|2-4-d mpunga|approvisionnement urgent!;;;;
;Vet Cypermethrin 100ml;Produits vétérinaires;flacon;1;100ml;3;;;Approvisionnement urgent!;2,46 USD;;6,00 USD;;;;;vet c-prod-100ml|vet cypermethrin 100ml|approvisionnement urgent!;;;;
;Vet Cypermethrin 500ml;Produits vétérinaires;flacon;1;500ml;3;;;Approvisionnement urgent!;9,85 USD;;15,00 USD;;;;;vet c-prod-500ml|vet cypermethrin 500ml|approvisionnement urgent!;;;;
;Vet Cypermethrin 1litre;Produits vétérinaires;flacon;1;1litre;2;;;Niveau satisfaisant;18,72 USD;;35,00 USD;;;Bon état;;vet c-prod-1litre|vet cypermethrin 1litre|approvisionnement urgent!;;;;
;Cypermethrin Agro 5% EC;Insecticide agricole;flacon;1;100ml;5;;;Approvisionnement urgent!;1,30 USD;;2,50 USD;;;;;cyper-inse-100ml|cypermethrin agro 5% ec|approvisionnement urgent!;;;;
;Cypermethrin Agro 5% EC 500ml;Insecticide agricole;flacon;1;500ml;3;;;Approvisionnement urgent!;3,60 USD;;6,00 USD;;;;;cyper-inse-500ml|cypermethrin agro 5% ec 500ml|approvisionnement urgent!;;;;
;Cypermethrin agro 5% EC 1litre;Insecticide agricole;flacon;1;1litre;3;;;Niveau satisfaisant;4,17 USD;;10,00 USD;;;Bon état;;cyper-inse-1litre|cypermethrin agro 5% ec 1litre|approvisionnement urgent!;;;;
;Cruche metalique 10litre;Produits vétérinaires;pce;1;pce;2;;;Approvisionnement urgent!;25,00 USD;;35,00 USD;;;;;cruch-prod-pce|cruche metalique 10litre|approvisionnement urgent!;;;;
;Creoline;Désinfectants;boite;1;litre;2;;;Niveau satisfaisant;5,00 USD;;10,00 USD;;;Bon état;;creol-desi-litre|creoline|approvisionnement urgent!;;;;
;Courgette sachet/10gr;Semences;sachet;1;10gr;5;;;Approvisionnement nécessaire;0,48 USD;;0,80 USD;;;Bon état;;courg-seme-10gr|courgette sachet/10gr|approvisionnement urgent!;;;;
;Courgette F-1 sachet original 10gr;Semences;sachet;1;.sachet;3;;;Approvisionnement urgent!;1,00 USD;;3,00 USD;;;;;courg-seme-.sachet|courgette f-1 sachet original 10gr|approvisionnement urgent!;;;;
;Courge sachet 10gr;Semences;sachet;1;sachet;3;;;Niveau satisfaisant;0,48 USD;;0,80 USD;;;Bon état;;courg-seme-sachet|courge sachet 10gr|approvisionnement urgent!;;;;
;Courgette bte 50gr;Semences;boite;1;.50gr;3;;;Niveau satisfaisant;1,49 USD;;5,00 USD;;;Bon état;;courg-seme-.50gr|courgette bte 50gr|approvisionnement urgent!;;;;
;Courge bte/50gr;Semences;boite;1;50gr;3;;;Niveau satisfaisant;1,67 USD;;4,50 USD;;;Bon état;;courg-seme-50gr|courge bte/50gr|approvisionnement urgent!;;;;
;Cooper oil 100ml;Produits vétérinaires;boite;1;100ml;2;;;Niveau satisfaisant;3,26 USD;;5,00 USD;;;Bon état;;coope-prod-100ml|cooper oil 100ml|approvisionnement urgent!;;;;
;Cooper oil 250ml;Produits vétérinaires;boite;1;250ml;3;;;Approvisionnement urgent!;5,97 USD;;9,00 USD;;;;;coope-prod-250ml|cooper oil 250ml|approvisionnement urgent!;;;;
;Coupe-ongle pour chiens;Produits vétérinaires;pce;1;pce;2;;;Approvisionnement nécessaire;9,52 USD;;15,00 USD;;;Bon état;;coupe-prod-pce|coupe-ongle pour chiens|approvisionnement urgent!;;;;
;concombre sachet original;Semences;sachet/10gr;1;sachetoriginal;3;;;Approvisionnement urgent!;1,20 USD;;3,00 USD;;;;;conco-seme-sachetoriginal|concombre sachet original|approvisionnement urgent!;;;;
;concombre sachet 10gr;Semences;sachet;1;10gr;5;;;Niveau satisfaisant;0,48 USD;;0,80 USD;;;Bon état;;conco-seme-10gr|concombre sachet 10gr|approvisionnement urgent!;;;;
;concombre bte 50gr;Semences;boite;1;50gr;3;;;Niveau satisfaisant;2,38 USD;;4,50 USD;;;Bon état;;conco-seme-50gr|concombre bte 50gr|approvisionnement urgent!;;;;
;Collier étrangleur pour chiens;Produits vétérinaires;pce;1;..rlx;2;;;Approvisionnement urgent!;5,71 USD;;10,00 USD;;;;;colli-prod-..rlx|collier etrangleur pour chiens|approvisionnement urgent!;;;;
;Collier antipuce CHIOT;Produits vétérinaires;pce;1;.rlx;2;;;Approvisionnement urgent!;6,90 USD;;10,00 USD;;;;;colli-prod-.rlx|collier antipuce chiot|approvisionnement urgent!;;;;
;Collier antipuce Adulte;Produits vétérinaires;pce;1;rlx;2;;;Approvisionnement urgent!;9,52 USD;;15,00 USD;;;;;colli-prod-rlx|collier antipuce adulte|approvisionnement urgent!;;;;
;Collier petit pour chat;Produits vétérinaires;pce;1;.pce;5;;;Approvisionnement urgent!;1,20 USD;;5,00 USD;;;;;colli-prod-.pce|collier petit pour chat|approvisionnement urgent!;;;;
;Collier petit pour chien;Produits vétérinaires;pce;1;pce…;5;;;Approvisionnement urgent!;1,34 USD;;10,00 USD;;;;;colli-prod-pce…|collier petit pour chien|approvisionnement urgent!;;;;
;Collier moyen pour chien;Produits vétérinaires;pce;1;pce.;5;;;Approvisionnement urgent!;3,20 USD;;12,00 USD;;;;;colli-prod-pce.|collier moyen pour chien|approvisionnement urgent!;;;;
;Collier grand pour chien;Produits vétérinaires;pce;1;pce;4;;;Approvisionnement urgent!;5,60 USD;;15,00 USD;;;;;colli-prod-pce|collier grand pour chien|approvisionnement urgent!;;;;
;Ciboulette sachhet 10gr;Semences;sachet;1;10gr;5;;;Approvisionnement urgent!;0,48 USD;;0,80 USD;;;Bon état;;cibou-seme-10gr|ciboulette sachhet 10gr|approvisionnement urgent!;;;;
;Ciboulette bte 50gr;Semences;boite;1;50gr;3;;;Niveau satisfaisant;3,75 USD;;4,50 USD;;;Bon état;;cibou-seme-50gr|ciboulette bte 50gr|approvisionnement urgent!;;;;
;Chine Choux-F! hybride;Semences;sachet;1;10gr;3;;;Approvisionnement urgent!;8,43 USD;;10,00 USD;;;;;chine-seme-10gr|chine choux-f! hybride|approvisionnement urgent!;;;;
;Chine Choux bte/5ogr;Semences;boite;1;50gr;2;;;Approvisionnement urgent!;3,75 USD;;5,00 USD;;;;;chine-seme-50gr|chine choux bte/5ogr|approvisionnement urgent!;;;;
;Choux fleur hybride sachet/10gr;Semences;sachet;1;10grame;5;;;Approvisionnement urgent!;4,86 USD;;10,00 USD;;;Bon état;;choux-seme-10grame|choux fleur hybride sachet/10gr|approvisionnement urgent!;;;;
;Fleur Choux sachet/10gr;Semences;sachet;1;sache10gr;5;;;Niveau satisfaisant;0,48 USD;;0,80 USD;;;Bon état;;fleur-seme-sache10gr|fleur choux sachet/10gr|approvisionnement urgent!;;;;
;FleurChoux bte/50gr;Semences;bte;1;50gr;5;;;Niveau satisfaisant;2,97 USD;;4,50 USD;;;Bon état;;fleur-seme-50gr|fleurchoux bte/50gr|approvisionnement urgent!;;;;
;Choux rouge 10gr;Semences;boite;1;sachet/10gr;3;;;Approvisionnement urgent!;0,48 USD;;0,80 USD;;;;;choux-seme-sachet/10gr|choux rouge 10gr|approvisionnement urgent!;;;;
;.Choux rouge 50gr;Semences;boite;1;50gr;3;;;Approvisionnement urgent!;3,20 USD;;5,00 USD;;;;;.chou-seme-50gr|.choux rouge 50gr|approvisionnement urgent!;;;;
;Choux-F1sachet hybride;Semences;sachet;1;10gramme;4;;;Niveau satisfaisant;4,73 USD;;9,00 USD;;;Bon état;;choux-seme-10gramme|choux-f1sachet hybride|approvisionnement urgent!;;;;
;Choux sachet/10gr;Semences;sachet;1;10gr;10;;;Approvisionnement urgent!;0,48 USD;;0,80 USD;;;Bon état;;choux-seme-10gr|choux sachet/10gr|approvisionnement urgent!;;;;
;Choux bte/50gr;Semences;boite;1;50gr;6;;;Niveau satisfaisant;1,30 USD;;2,00 USD;;;Bon état;;choux-seme-50gr|choux bte/50gr|approvisionnement urgent!;;;;
;Choux 250gr;Semences;bte;1;250gr;2;;;Approvisionnement urgent!;6,87 USD;;9,00 USD;;;;;choux-seme-250gr|choux 250gr|approvisionnement urgent!;;;;
;Chaine tissus + museliaire;Produits vétérinaires;pce;1;chaine;3;;;Approvisionnement urgent!;6,67 USD;;12,00 USD;;;;;chain-prod-chaine|chaine tissus + museliaire|approvisionnement urgent!;;;;
;..Chaine metallique petit chien;Produits vétérinaires;pce;1;pce;3;;;Approvisionnement urgent!;3,34 USD;;10,00 USD;;;;;..cha-prod-pce|..chaine metallique petit chien|approvisionnement urgent!;;;;
;.Chaine metallique moyen pour chien;Produits vétérinaires;pce;1;pce;5;;;Niveau satisfaisant;3,89 USD;;12,00 USD;;;Bon état;;.chai-prod-pce|.chaine metallique moyen pour chien|approvisionnement urgent!;;;;
;"Chaine metallique 50"" grand pour chien";Produits vétérinaires;pce;1;pce;5;;;Niveau satisfaisant;5,10 USD;;15,00 USD;;;Bon état;Lot-Initial-CHAIN-PROD-pce-02012026;chain-prod-pce|chaine metallique grand pour chien|approvisionnement urgent!;;;;
;Celery;Semences;sachet/10gr;1;sachet;5;;;Approvisionnement nécessaire;1,00 USD;;3,00 USD;;;Bon état;;celer-seme-sachet|celery|approvisionnement urgent!;;;;
;Celery 10gr;Semences;sachet/10gr;1;10gr;5;;;Approvisionnement nécessaire;0,48 USD;;0,80 USD;;;Bon état;;celer-seme-10gr|celery 10gr|approvisionnement urgent!;;;;
;Celery 50gr;Semences;boite;1;50gr;5;;;Approvisionnement urgent!;4,00 USD;;6,00 USD;;;Bon état;;celer-seme-50gr|celery 50gr|approvisionnement urgent!;;;;
;Catgut;Produits vétérinaires;pce;1;pce;3;;;Approvisionnement urgent!;1,98 USD;;2,50 USD;;;;;catgu-prod-pce|catgut|approvisionnement urgent!;;;;
;Carotte bte/250gr;Semences;boite;1;250gr;2;;;Approvisionnement urgent!;7,00 USD;;12,00 USD;;;;;carot-seme-250gr|carotte bte/250gr|approvisionnement urgent!;;;;
;Carotte sachet original;Semences;sachet;1;sachet/10gr;5;;;Approvisionnement urgent!;0,60 USD;;3,00 USD;;;;;carot-seme-sachet/10gr|carotte sachet original|approvisionnement urgent!;;;;
;Carotte sachet/10gr;semences;sachet/10gr;1;10gr;10;;;Approvisionnement nécessaire;0,47 USD;;0,80 USD;;;Bon état;;carot-seme-10gr|carotte sachet/10gr|approvisionnement urgent!;;;;
;Carotte bte/50gr;Semences;boite;1;50gr;5;;;Niveau satisfaisant;2,00 USD;;3,00 USD;;;Bon état;;carot-seme-50gr|carotte bte/50gr|approvisionnement urgent!;;;;
;Cash nez;Produits vétérinaires;pce;1;pce;3;;;Approvisionnement urgent!;0,80 USD;;1,50 USD;;;;;cash -prod-pce|cash nez|approvisionnement urgent!;;;;
;Calcium en poudre bte/500gr;Produits vétérinaires;boite;1;500gr;3;;;Approvisionnement urgent!;3,25 USD;;6,00 USD;;;;;calci-prod-500gr|calcium en poudre bte/500gr|approvisionnement urgent!;;;;
;Butanil 70 Herbicide (Riz);herbicide selective;flacon;1;1litre;2;;;Approvisionnement urgent!;8,23 USD;;15,00 USD;;;;;butan-herb-1litre|butanil 70 herbicide (riz)|approvisionnement urgent!;;;;
;Café semence;Semences;sachet/1kg;1;kilo;5;;;Approvisionnement urgent!;1,00 USD;;3,00 USD;;;;;cafe -seme-kilo|cafe semence|approvisionnement urgent!;;;;
;Cage plastique pour chien;Produits vétérinaires;pce;1;pce;1;;;Approvisionnement urgent!;50,32 USD;;120,00 USD;;;;;cage -prod-pce|cage plastique pour chien|approvisionnement urgent!;;;;
;Butalex 20ml (Parvexon);Produits vétérinaires;flacon;1;20ml;2;;;Niveau satisfaisant;12,30 USD;;20,00 USD;;;Bon état;;butal-prod-20ml|butalex 20ml (parvexon)|approvisionnement urgent!;;;;
;Butalex (Parvexon);Produits vétérinaires;flacon;1;50ml;2;;;Approvisionnement urgent!;17,00 USD;;35,00 USD;;;;;butal-prod-50ml|butalex (parvexon)|approvisionnement urgent!;;;;
;Burogluconate de calcium 100mg inject;Produits vétérinaires;flacon;1;100ml;2;;;Approvisionnement urgent!;3,41 USD;;6,00 USD;;;;;burog-prod-100ml|burogluconate de calcium 100mg inject|approvisionnement urgent!;;;;
;Burogluconate de calcium 400mg inject;Produits vétérinaires;flaco;1;400ml;2;;;Approvisionnement urgent!;6,82 USD;;15,00 USD;;;;;burog-prod-400ml|burogluconate de calcium 400mg inject|approvisionnement urgent!;;;;
;Burogluconate de calcium sirop 1litre;Produits vétérinaires;flacon;1;litre;2;;;Approvisionnement urgent!;4,81 USD;;15,00 USD;;;;;burog-prod-litre|burogluconate de calcium sirop 1litre|approvisionnement urgent!;;;;
;Brosse en bois pour chien;Produits vétérinaires;pce;1;*pce;2;;;Niveau satisfaisant;3,98 USD;;8,00 USD;;;;;bross-prod-*pce|brosse en bois pour chien|approvisionnement urgent!;;;;
;Brosse en plastique pour chien;Produits vétérinaires;pce;1;.pce;2;;;Niveau satisfaisant;2,50 USD;;8,00 USD;;;Bon état;Lot-Initial-BROSS-PROD-.pce-02012026;bross-prod-.pce|brosse en plastique pour chien|approvisionnement urgent!;;;;
;Brosse à fourure/chien métalique;Produits vétérinaires;pce;1;pce;2;;;Approvisionnement urgent!;6,89 USD;;15,00 USD;;;;;bross-prod-pce|brosse a fourure/chien metalique|approvisionnement urgent!;;;;
;Broiller Booster sachet 100gr;Produits vétérinaires;sachet/100gr;1;sachet/100gr;5;;;Approvisionnement urgent!;1,28 USD;;3,00 USD;;;;;broil-prod-sachet/100gr|broiller booster sachet 100gr|approvisionnement urgent!;;;;
;Broiller Booster bte 100gr;Produits vétérinaires;boite;1;100gr;6;;;Niveau satisfaisant;1,08 USD;;4,00 USD;;;Bon état;;broil-prod-100gr|broiller booster bte 100gr|approvisionnement urgent!;;;;
;Broiller Booster 500gr;Produits vétérinaires;boite;1;500gr;5;;;Approvisionnement urgent!;3,78 USD;;8,00 USD;;;Bon état;;broil-prod-500gr|broiller booster 500gr|approvisionnement urgent!;;;;
;Broiller Booster 700gr;Produits vétérinaires;boite;1;700gr;3;;;Approvisionnement urgent!;5,23 USD;;15,00 USD;;;;;broil-prod-700gr|broiller booster 700gr|approvisionnement urgent!;;;;
;Broccoli sachet/10gr;Semences;sachet/10gr;1;sachet/10gr;10;;;Niveau satisfaisant;0,48 USD;;0,80 USD;;;Bon état;;brocc-seme-sachet/10gr|broccoli sachet/10gr|approvisionnement urgent!;;;;
;Broccoli bte/50gr;Semences;bte/50gr;1;50gr;3;;;Approvisionnement urgent!;3,20 USD;;4,50 USD;;;;;brocc-seme-50gr|broccoli bte/50gr|approvisionnement urgent!;;;;
;.Boucles d'oreille pour vaches;Produits vétérinaires;pce;1;pce;10;;;Niveau satisfaisant;0,55 USD;;1,50 USD;;;Bon état;;.bouc-prod-pce|.boucles d'oreille pour vaches|approvisionnement urgent!;;;;
;Boucles d'oreille pour chèvres;Produits vétérinaires;pce;1;pce;10;;;Niveau satisfaisant;0,47 USD;;1,30 USD;;;Bon état;;boucl-prod-pce|boucles d'oreille pour chevres|approvisionnement urgent!;;;;
;Bottes plastic;outils aratoires;paire;1;paire;2;;;Approvisionnement urgent!;6,00 USD;;10,00 USD;;;;;botte-outi-paire|bottes plastic|approvisionnement urgent!;;;;
;Booster (engrais);Engrais foliaires;flacon;1;500ml;3;;;Approvisionnement urgent!;1,35 USD;;3,00 USD;;;;;boost-engr-500ml|booster (engrais)|approvisionnement urgent!;;;;
;Bob & Martin shampoo;Produits vétérinaires;flacon;1;250ml;2;;;Approvisionnement urgent!;6,20 USD;;12,00 USD;;;;;bob &-prod-250ml|bob & martin shampoo|approvisionnement urgent!;;;;
;Blouse médicale vétérinaire;Produits vétérinaires;pce;1;pce;2;;;Approvisionnement urgent!;10,00 USD;;15,00 USD;;;;;blous-prod-pce|blouse medicale veterinaire|approvisionnement urgent!;;;;
;Bloc a lécher 10kg;Produits vétérinaires;pce;1;10kg;2;;;Niveau satisfaisant;8,00 USD;;18,00 USD;;;Bon état;;bloc -prod-10kg|bloc a lecher 10kg|approvisionnement urgent!;;;;
;Bloc a lécher 5kg;Produits vétérinaires;pce;1;5kg;3;;;Approvisionnement urgent!;4,00 USD;;10,00 USD;;;Bon état;;bloc -prod-5kg|bloc a lecher 5kg|approvisionnement urgent!;;;;
;Bloc a lécher spécial lait 3.5kg;Produits vétérinaires;pce;1;3,5kg;3;;;Approvisionnement urgent!;2,79 USD;;8,00 USD;;;;;bloc -prod-3,5kg|bloc a lecher special lait 3.5kg|approvisionnement urgent!;;;;
;Bloc a lécher 3kg;Produits vétérinaires;pce;1;3kg;5;;;Approvisionnement nécessaire;2,76 USD;;6,00 USD;;;Bon état;;bloc -prod-3kg|bloc a lecher 3kg|approvisionnement urgent!;;;;
;Bloc a lécher 2kg;Produits vétérinaires;pce;1;2kg;5;;;Niveau satisfaisant;2,00 USD;;5,00 USD;;;Bon état;;bloc -prod-2kg|bloc a lecher 2kg|approvisionnement urgent!;;;;
;Blitzip;Produits vétérinaires;flacon;1;litre;1;;;Approvisionnement urgent!;24,56 USD;;35,00 USD;;;;;blitz-prod-litre|blitzip|approvisionnement urgent!;;;;
;Biocycline;Produits vétérinaires;flacon;1;100ml;5;;;Approvisionnement urgent!;5,20 USD;;8,00 USD;;;;;biocy-prod-100ml|biocycline|approvisionnement urgent!;;;;
;Biosafe;Désinfectants;flacon;1;litre;3;;;Niveau satisfaisant;3,24 USD;;10,00 USD;;;Bon état;;biosa-desi-litre|biosafe|approvisionnement urgent!;;;;
;Binettes;outils aratoires;pce;1;pce;1;;;Approvisionnement urgent!;3,25 USD;;5,00 USD;;;;;binet-outi-pce|binettes|approvisionnement urgent!;;;;
;Bibero pour vache 2litre;pce;Produits vétérinaires;1;pce;1;;;Approvisionnement urgent!;18,65 USD;;25,00 USD;;;;;biber-pce-pce|bibero pour vache 2litre|approvisionnement urgent!;;;;
;Betterave sachet original;Semences;sachet original;1;gramme;4;;;Approvisionnement urgent!;0,60 USD;;3,00 USD;;;;;bette-seme-gramme|betterave sachet original|approvisionnement urgent!;;;;
;Betterave boite 50gr;Semences;bte/50gr;1;50gr;4;;;Approvisionnement nécessaire;4,50 USD;;10,00 USD;;;Bon état;;bette-seme-50gr|betterave boite 50gr|approvisionnement urgent!;;;;
;Bèches;outils aratoires;pce;1;pce;2;;;Approvisionnement urgent!;2,00 USD;;5,00 USD;;;;;beche-outi-pce|beches|approvisionnement urgent!;;;;
;Bayticol pour-on 200ml;ml;flacon;1;200ml;2;;;Approvisionnement urgent!;11,20 USD;;20,00 USD;;;Bon état;;bayti-ml-200|bayticol pour-on 200ml|approvisionnement urgent!;;;;
;Bayticol pour-on 1litre;Produits vétérinaires;flacon;1;litre;2;;;Approvisionnement nécessaire;37,84 USD;;65,00 USD;;;Bientôt expiré;Lot-Initial-BAYTI-PROD-litre-02012026;bayti-prod-litre|bayticol pour-on 1litre|approvisionnement urgent!;;;;
;Baraki rat;Raticide;sachet;1;20gr;6;;;Approvisionnement urgent!;0,68 USD;;1,20 USD;;;;;barak-rati-20gr|baraki rat|approvisionnement urgent!;;;;
;*Ngongwe*  Auberginesachet original;Semences;sachet original;1;gr;10;;;Approvisionnement urgent!;0,30 USD;;1,00 USD;;;;;*ngon-seme-gr|*ngongwe* auberginesachet original|approvisionnement urgent!;;;;
;".""Ngongwe"" Auberginesachet/10gr";Semences;sachet/10gr;1;10gr;10;;;Approvisionnement nécessaire;0,35 USD;;0,80 USD;;;Bon état;"Lot-Initial-.""NGO-SEME-10gr-01012025";".""ngo-seme-10gr|.""ngongwe"" auberginesachet/10gr|approvisionnement urgent!";;;;
;"""Ngongwe"" Aubergine bte 50gr";Semences;bte/50gr;1;50gr;10;;;Niveau satisfaisant;3,50 USD;;5,00 USD;;;Bon état;;"""ngon-seme-50gr|""ngongwe"" aubergine bte 50gr|approvisionnement urgent!";;;;
;*Ntulo* Aubergine sachet original;Semences;sachet original;1;gr;10;;;Approvisionnement urgent!;0,60 USD;;1,00 USD;;;;;*ntul-seme-gr|*ntulo* aubergine sachet original|approvisionnement urgent!;;;;
;"""Ntulo"" Auberginesachet/10gr";Semences;sachet/10gr;1;10gr;10;;;Approvisionnement urgent!;0,48 USD;;0,90 USD;;;Bon état;;"""ntul-seme-10gr|""ntulo"" auberginesachet/10gr|approvisionnement urgent!";;;;
;".""Ntulo"" Aubergine bte 50gr";Semences;bte/50gr;1;50gr;10;;;Approvisionnement urgent!;2,35 USD;;4,50 USD;;;Bon état;;".""ntu-seme-50gr|.""ntulo"" aubergine bte 50gr|approvisionnement urgent!";;;;
;"Aubergine ""Locale""";Semences;sachet/1kg;1;1kg;10;;;Approvisionnement urgent!;12,00 USD;;30,00 USD;;;;;"auber-seme-1kg|aubergine ""locale""|approvisionnement urgent!";;;;
;"Aubergine ""Blackbeauty"" 250gr";Semences;bte/250gr;1;250gr;3;;;Approvisionnement urgent!;7,14 USD;;16,00 USD;;;;;"auber-seme-250gr|aubergine ""blackbeauty"" 250gr|approvisionnement urgent!";;;;
;"Aubergine ""Blackbeauty"" sachet/10gr originale";Semences;sachet original;1;5gr;10;;;Approvisionnement urgent!;0,60 USD;;1,00 USD;;;Bon état;;"auber-seme-5gr|aubergine ""blackbeauty"" sachet/10gr originale|approvisionnement urgent!";;;;
;"Aubergine ""Blackbeauty"" sachet/10gr";Semences;sachet/10gr;1;10gr;10;;;Approvisionnement nécessaire;0,48 USD;;0,80 USD;;;Bon état;;"auber-seme-10gr|aubergine ""blackbeauty"" sachet/10gr|approvisionnement urgent!";;;;
;"Aubergine ""Blackbeauty"" 50gr";Semences;bte/50gr;1;50gr;10;;;Approvisionnement nécessaire;2,38 USD;;4,50 USD;;;Bon état;;"auber-seme-50gr|aubergine ""blackbeauty"" 50gr|approvisionnement urgent!";;;;
;Attrape rat;Produits vétérinaires;pce;1;pce;3;;;Approvisionnement urgent!;0,78 USD;;1,50 USD;;;;;attra-prod-pce|attrape rat|approvisionnement urgent!;;;;
;Attrape mouche;Produits vétérinaires;pce;1;rlx;3;;;Approvisionnement urgent!;0,24 USD;;1,00 USD;;;;;attra-prod-rlx|attrape mouche|approvisionnement urgent!;;;;
;Assiette métalique pour chien;Produits vétérinaires;pce;1;2kg;3;;;Approvisionnement urgent!;8,40 USD;;15,00 USD;;;Bon état;;assie-prod-2kg|assiette metalique pour chien|approvisionnement urgent!;;;;
;Assiette plastique pour chien;Produits vétérinaires;pce;1;1,5kg;2;;;Approvisionnement urgent!;3,00 USD;;10,00 USD;;;;;assie-prod-1,5kg|assiette plastique pour chien|approvisionnement urgent!;;;;
;Ascaten bte/6cés;Produits vétérinaires;boite;1;bte/6cés;15;;;Niveau satisfaisant;0,72 USD;;2,00 USD;;;Bon état;Lot-Initial-ASCAT-PROD-bte/6cés-24012026;ascat-prod-bte/6ces|ascaten bte/6ces|approvisionnement urgent!;;;;
;Ascaten bolus;Produits vétérinaires;bolus;1;1/bolus;30;;;Niveau satisfaisant;0,11 USD;;0,25 USD;;;Bon état;;ascat-prod-1/bolus|ascaten bolus|approvisionnement urgent!;;;;
;Arosoir;outils aratoires;pce;1;10litre;10;;;Approvisionnement nécessaire;4,50 USD;;6,00 USD;;;Bon état;;aroso-outi-10litre|arosoir|approvisionnement urgent!;;;;
;Amprolium sachet/5gr;Produits vétérinaires;sachet/5gr;1;5gr;10;;;Niveau satisfaisant;0,10 USD;;0,20 USD;;;Bon état;;ampro-prod-5gr|amprolium sachet/5gr|approvisionnement urgent!;;;;
;Amprolium poudre 100ml;Produits vétérinaires;sachet/100gr;1;100gr;10;;;Niveau satisfaisant;1,60 USD;;6,00 USD;;;Bon état;;ampro-prod-100gr|amprolium poudre 100ml|approvisionnement urgent!;;;;
;Noratraz 12,5% EC 100ml;Produits vétérinaires;flacon;1;100ml;10;;;Niveau satisfaisant;1,52 USD;;5,00 USD;;;Bon état;;norat-prod-100ml|noratraz 12,5% ec 100ml|approvisionnement urgent!;;;;
;Noratraz 12,5% EC 250ml;Produits vétérinaires;flacon;1;250ml;6;;;Approvisionnement urgent!;4,00 USD;;8,00 USD;;;Bon état;;norat-prod-250ml|noratraz 12,5% ec 250ml|approvisionnement urgent!;;;;
;Norortraz 12,5% EC 500ml;Produits vétérinaires;flacon;1;500ml;6;;;Approvisionnement nécessaire;8,50 USD;;13,00 USD;;;Bon état;;noror-prod-500ml|norortraz 12,5% ec 500ml|approvisionnement urgent!;;;;
;Norotraz 12,5% EC 1litre;Produits vétérinaires;flacon;1;1litre;6;;;Niveau satisfaisant;17,60 USD;;25,00 USD;;;Bon état;;norot-prod-1litre|norotraz 12,5% ec 1litre|approvisionnement urgent!;;;;
;Amarante bte/50gr;Semences;bte/50gr;1;50gr;5;;;Approvisionnement urgent!;1,80 USD;;3,00 USD;;;;;amara-seme-50gr|amarante bte/50gr|approvisionnement urgent!;;;;
;Amarante sachet/10gr;Semences;sachet/10gr;1;10gr;20;;;Niveau satisfaisant;0,13 USD;;0,21 USD;;;Bon état;Lot-Initial-AMARA-SEME-10gr-02012026;amara-seme-10gr|amarante sachet/10gr|approvisionnement urgent!;;;;
;Amarante 1kg;Semences;sachet/1kg;1;kg;10;;;Approvisionnement nécessaire;3,00 USD;;7,00 USD;;;Bon état;;amara-seme-kg|amarante 1kg|approvisionnement urgent!;;;;
;Aliment ponte layer sac;Aliments de ferme;sac/50kg;1;sac/50kg;10;;;Approvisionnement urgent!;23,48 USD;;30,00 USD;;;;;alime-alim-sac/50kg|aliment ponte layer sac|approvisionnement urgent!;;;;
;Aliment ponte layer kg;Aliments de ferme;1kg;1;1kgs;20;;;Approvisionnement urgent!;0,48 USD;;0,89 USD;;;;;alime-alim-1kg|aliment ponte layer kg|approvisionnement urgent!;;;;
;Aliments poules chaires croissance sac/50kg;Aliments de ferme;sac/50kg;1;50kilo;5;;;Approvisionnement urgent!;25,00 USD;;32,00 USD;;;;;alime-alim-50kilo|aliments poules chaires croissance sac/50kg|approvisionnement urgent!;;;;
;Aliments poules chaires croissance 1kg;Aliments de ferme;sachet/1kg;1;kg;20;;;Approvisionnement urgent!;0,50 USD;;0,89 USD;;;;;alime-alim-kg|aliments poules chaires croissance 1kg|approvisionnement urgent!;;;;
;Aliment poules chaires demarage sac/50kg;Aliments de ferme;sac/50kg;1;50kg;5;;;Approvisionnement urgent!;24,43 USD;;33,00 USD;;;;;alime-alim-50kg|aliment poules chaires demarage sac/50kg|approvisionnement urgent!;;;;
;Aliment poules chaires demarage 1kg;Aliments de ferme;sachet/1kg;1;1kilo;20;;;Approvisionnement urgent!;0,50 USD;;0,89 USD;;;;;alime-alim-1kilo|aliment poules chaires demarage 1kg|approvisionnement urgent!;;;;
;Alcool dénaturé 100ml;Désinfectants;flacon;1;100ml;3;;;Approvisionnement urgent!;1,80 USD;;2,80 USD;;;;;alcoo-desi-100ml|alcool denature 100ml|approvisionnement urgent!;;;;
;Alcool dénaturé 1litre;Désinfectants;flacon;1;1litre;3;;;Approvisionnement urgent!;5,00 USD;;12,00 USD;;;;;alcoo-desi-1litre|alcool denature 1litre|approvisionnement urgent!;;;;
;Introvit poudre A+ WS sachet/5gr;Produits vétérinaires;sachet/5gr;1;5gr;10;;;Approvisionnement urgent!;0,10 USD;;0,20 USD;;;Bon état;;intro-prod-5gr|introvit poudre a+ ws sachet/5gr|niveau satisfaisant;;;;
;Introvit poudre A+ WS;Produits vétérinaires;sachet/100gr;1;100gr;10;;;Niveau satisfaisant;2,80 USD;;6,00 USD;;;Bon état;;intro-prod-100gr|introvit poudre a+ ws|niveau satisfaisant;;;;
;Primovet;Produits vétérinaires;sachet/100gr;1;100gr;10;;;Niveau satisfaisant;3,78 USD;;7,00 USD;;;Bon état;;primo-prod-100gr|primovet|niveau satisfaisant;;;;
;Albendazole liquide 500ml;Produits vétérinaires;flacon;1;5mg;5;;;Approvisionnement urgent!;2,12 USD;;7,00 USD;;;;;alben-prod-5mg|albendazole liquide 500ml|approvisionnement urgent!;;;;
;Albendazole liquide 1litre;Produits vétérinaires;flacon;1;25mg;6;;;Approvisionnement urgent!;2,87 USD;;11,00 USD;;;Bon état;;alben-prod-25mg|albendazole liquide 1litre|approvisionnement urgent!;;;;
;Albendazole 300mg (vermitan original);Produits vétérinaires;bolus;1;300mgr;50;;;Niveau satisfaisant;0,04 USD;;0,30 USD;;;Bon état;;alben-prod-300mgr|albendazole 300mg (vermitan original)|niveau satisfaisant;;;;
;Albendazole 2500mg (Chine);Produits vétérinaires;bolus;1;2500mgr;50;;;Niveau satisfaisant;0,18 USD;;0,50 USD;;;Bon état;;alben-prod-2500mgr|albendazole 2500mg (chine)|niveau satisfaisant;;;;
;Alamycin poussin;Produits vétérinaires;sachet;1;100gr;10;;;Approvisionnement urgent!;3,00 USD;;6,00 USD;;;;;alamy-prod-100gr|alamycin poussin|approvisionnement urgent!;;;;
;Agro-bag;outils aratoires;sac;1;sac/50kg;10;;;Approvisionnement urgent!;2,00 USD;;5,00 USD;;;;;agro--outi-sac/50kg|agro-bag|approvisionnement urgent!;;;;
;Aiguille;Produits vétérinaires;pce;1;18G;12;;;Niveau satisfaisant;0,24 USD;;0,50 USD;;;Bon état;;aigui-prod-18g|aiguille|niveau satisfaisant;;;;
;Actelic;fongicides agricole;sachet;1;100gr;10;;;Approvisionnement urgent!;1,24 USD;;2,00 USD;;;;;actel-fong-100gr|actelic|approvisionnement urgent!;;;;
;Abreuvoir pour poussin;Produits vétérinaires;pce;1;1,5litre;10;;;Approvisionnement urgent!;1,68 USD;;3,00 USD;;;Bon état;;abreu-prod-1,5litre|abreuvoir pour poussin|approvisionnement necessaire;;;;
;Abrevoir 10litre;Produits vétérinaires;p ce;1;10litre;10;;;Approvisionnement urgent!;4,92 USD;;10,00 USD;;;;;abrev-prod-10litre|abrevoir 10litre|approvisionnement urgent!;;;;
;Abreuvoir 3litre;Produits vétérinaires;pce;1;3litre;10;;;Niveau satisfaisant;2,00 USD;;5,00 USD;;;Bon état;;abreu-prod-3litre|abreuvoir 3litre|niveau satisfaisant;;;;
;;;;;;;;;;;;;;;;;;;;;
;;;;;;;;;;;;;;;;;;;;;
;;;;;;;;;;;;;;;;;;;;;
;;;;;;;;;;;;;;;;;;;;;
;;;;;;;;;;;;;;;;;;;;;
;;;;;;;;;;;;;;;;;;;;;
;;1,75;;;;;;;;;;;;;;;;;;;
;;;;;;;;;;;;;;;;;;;;;
;;;;;;;;;;;;;;;;;;;;;
;;;;;;;;;;;;;;;;;;;;;
;;;;;;;;;;;;;;;;;;;;;
;;;;;;;;;;;;;;;;;;;;;
;;;;;;;;;;;;;;;;;;;;;
;;;;;;;;;;;;;;;;;;;;;
;;;;;;;;;;;;;;;;;;;;;
;;;;;;;;;;;;;;;;;;;;;
;;;;;;;;;;;;;;;;;;;;;
;;;;;;;;;;;;;;;;;;;;;
;;;;;;;;;;;;;;;;;;;;;
;;;;;;;;;;;;;;;;;;;;;
;;;;;;;;;;;;;;;;;;;;;
;;;;;;;;;;;;;;;;;;;;;
;;;;;;;;;;;;;;;;;;;;;
;;;;;;;;;;;;;;;;;;;;;